variable,VIF
Intercept,42.68335620447705
bmi:smoker[T.yes],25.533081228503352
smoker[T.yes],25.203045267398615
C(region)[T.southeast],1.6526901046924196
C(region)[T.southwest],1.5304355573316855
C(region)[T.northwest],1.5195768290361116
bmi,1.3873583508735297
age,1.017506353343623
C(sex)[T.male],1.011478369862725
children,1.0041948384767976
